message_id,action,message_type,reason,confidence,evidence_message_ids
sample_msg_001,notify,urgent,"Agent reasoning: The sender (u_043) is a frequent and reliable contributor to the 'Green Acres Society Notices' group, often posting operational and security updates that the user consistently engages with. This message concerns a time-sensitive water supply issue (20-minute window) for Tower B residents, which is consistent with the sender's history of providing helpful, actionable community information. The message is clearly operational and not spam or a scam. Given the time-sensitive nature of the water supply, 'urgent' is the appropriate classification.",0.9,message_0410;message_0130;message_0150;message_0269;message_0129;message_0190
sample_msg_002,notify,urgent,"Agent reasoning: The message is a time-sensitive update regarding school bus logistics. The sender (u_045) is a known, active participant in the school group, and the user has a consistent history of engaging with similar operational updates from this sender. The content is clearly urgent as it requires action (getting kids to the bus stop earlier) within a short timeframe.",0.9,message_0255;message_0134;message_0133;message_0210;message_0209
sample_msg_003,notify,urgent,"Agent reasoning: The message is a direct work-related request from a colleague (u_046) in a coworker group (Checkout Platform Co-workers). The user (u_010) has a consistent history of engaging with and replying to similar requests from this sender. The message is time-sensitive (needs to be done before EOD) and involves a direct mention, indicating high relevance to the user.",0.9,message_0371;message_0230;message_0170;message_0169;message_0266;message_0041;message_0003;message_0060
sample_msg_004,notify,business_update,"Agent reasoning: The message is a standard order status update from a verified business (Amazon) that the user has a history of interacting with. Although the user has opted out of promotional messages, this is an operational update regarding an existing order, which aligns with previous interactions. The user consistently opens these types of messages.",0.9,message_0106;message_0105;message_0239;message_0004
sample_msg_005,digest,business_update,"Agent reasoning: The message is a standard operational update from a verified healthcare provider (Apollo 24|7). Although the user's history shows an 'opt_out_prior' status, the user has consistently opened and engaged with similar messages from this sender in the past. The message is non-urgent and informational, directing the user to their app.",0.9,message_0245;message_0064;message_0063;message_0005
sample_msg_006,notify,event,"Agent reasoning: The message is a direct, personal request from a known group member (u_054) to coordinate logistics for a Sunday event. The user has a history of engaging with this sender on similar logistical topics (message_0006). The request is low-pressure ('nothing dramatic') and clearly related to an event, fitting the 'event' category. The user is active in this group and has a history of responding to this sender.",0.9,message_0006
sample_msg_007,digest,promotion,"Agent reasoning: The message is a promotional travel offer from a verified business (Thrillophilia). The user has a history of opening previous messages from this sender, suggesting they are interested in these offers. However, the frequency of these messages (multiple similar messages in the last two months) suggests a marketing campaign. Given the user's history of opening these, 'digest' is a balanced recommendation to keep them informed without interrupting them with every promotional blast.",0.9,message_0272;message_0109;message_0033;message_0110;message_0007
sample_msg_008,digest,event,"Agent reasoning: The message is a routine coordination update for a community event (Cultural Night) in a residential group. The sender (u_043) is a known contact who has sent similar coordination messages in the past, which the user has engaged with. The message explicitly asks members not to reply to keep the group readable, which aligns with the user's role as an admin in this group. The request is non-urgent (due next Sunday) and low-risk.",0.9,message_0008
sample_msg_009,digest,greeting,"Agent reasoning: The message is a simple, friendly greeting sent to a family group. The sender has a history of sending similar messages, and the user has previously opened them. The message explicitly states 'No need to respond', indicating low urgency. Given the context of a family group and the non-intrusive nature of the message, it is appropriate for a digest or low-priority notification.",0.9,message_0009
sample_msg_010,digest,personal,"Agent reasoning: The message is a casual, low-pressure social inquiry from a known group member (u_054) in a book club group. The user has a history of opening messages from this sender, and the content is non-urgent and conversational. Similar past messages from this sender were opened by the user.",0.87,message_0010;message_0316;message_0038
sample_msg_011,digest,business_update,"Agent reasoning: The message is a standard feedback request from a verified, well-known business (PVRINOX Cinemas). Although the user's history shows an 'opt_out_prior' status, the user has consistently opened similar feedback requests from this sender in the past without reporting or muting them. Given the consistent engagement history, 'digest' is a safe and appropriate recommendation.",0.9,message_0011;message_0242;message_0076;message_0075
sample_msg_012,digest,personal,"Agent reasoning: The user is selling a used item in a group chat. This is consistent with their past behavior (message_0012), where they also sold cycling gear. The message is low-urgency and personal in nature. The user is active in this group and has not muted it.",0.9,message_0012
sample_msg_013,mute,forward,"Agent reasoning: The message is a classic chain-style inspirational forward. The sender (u_051) has a consistent history of sending these types of messages, and the user has consistently dismissed or muted them in the past. The group itself is already muted by the user. Given the high forward count and the repetitive nature of the content, this is clearly a low-priority forward.",0.93,message_0078;message_0077;message_0172;message_0171;message_0014;message_0013
sample_msg_014,mute,forward,"Agent reasoning: The message is a classic chain letter with high forward count (11) and health-related advice of dubious origin. The user has a history of receiving similar forwarded content from this sender (u_051), which they have previously dismissed and muted. The group itself is already muted by the user. Given the high forward count and the nature of the content, this is clearly a forward/spam-like message.",0.93,message_0016
sample_msg_015,mute,promotion,"Agent reasoning: The message is a promotional offer from a verified business (Swish). The user has a history of receiving and consistently dismissing/muting these exact promotional messages from this sender. Despite the user having opted out of promotional messages previously, the business continues to send them. Given the consistent pattern of dismissal and the user's prior opt-out, this should be muted.",0.93,message_0017;message_0084;message_0083;message_0258;message_0018
sample_msg_019,mute,scam,"Agent reasoning: The message uses classic social engineering tactics (urgency, threat of account blockage) to direct the user to a suspicious external URL (account-login.in). This matches the pattern of previous scam messages identified in the group history (e.g., message_0045, message_0023). The group is a high-noise marketplace, and this message is clearly malicious.",0.9,message_0045;message_0023
sample_msg_020,mute,scam,"Agent reasoning: The message uses classic phishing tactics (urgency, threat of account blockage, request for OTP/password). The sender (u_050) has a long history of sending identical phishing messages in this group, all of which have been reported and dismissed by the user. The group is a large, high-noise marketplace group.",0.93,message_0087;message_0184;message_0088;message_0183;message_0202;message_0024;message_0201
sample_msg_041,digest,personal,Agent reasoning: The message is a voice note transcript from a family member in a family group chat. The content is a casual personal update ('Had dinner. Call went free. Nothing urgent.') which matches the context of previous interactions with this sender. There is no urgency or risk.,0.9,message_0046
sample_msg_042,notify,urgent,"Agent reasoning: The message is a voice note from a family member in a family group chat. The transcript indicates a health-related emergency ('Dad is unwell', 'going to the clinic') and requests an immediate call. This is clearly urgent and personal. The user has a history of engaging with this sender in this group.",0.9,message_0035
sample_msg_043,mute,scam,"Override: business_trust_floor fired (unverified sender, domain mismatch, account under 60 days old) and no cited evidence shows a real prior relationship (opened/replied) with this business. Agent reasoning: The sender is an unverified business with a very low trust score (business_trust_floor=True, domain age 10 days, high user reports). The user has no prior relationship with this business and has previously dismissed and reported similar messages from this sender. The voice note content is a generic, scripted attempt to sound like a follow-up to a missed call, which is a common social engineering tactic. Given the history of reporting and the lack of any legitimate connection, this is highly likely to be a scam.",0.93,message_0048;message_0357
sample_msg_044,digest,personal,"Override: group message with no direct mention, no admin sender, and no explicit urgency language in the agent's reasoning -- defaulted to digest instead of notify. Agent reasoning: The message is a follow-up in a marketplace group regarding a sale of a used item (kurta set). The sender (u_048) has a history of selling items in this group, and the user has engaged with them previously. While the group is a marketplace, the interaction is personal/peer-to-peer. Given the user's history of engaging with this sender's sales, 'notify' is appropriate, though the group is high-volume.",0.83,message_0390;message_0332;message_0114;message_0113;message_0231;message_0049;message_0382
sample_msg_045,mute,promotion,"Override: repetition_prior=2.00 (>0.5) shows a consistent pattern of the user dismissing/muting/reporting this sender -- escalated digest to mute. Agent reasoning: The message is a standard marketplace listing for a used item (kurta set) in a high-volume marketplace group. The user has a consistent history of ignoring or dismissing messages from this sender (u_048) in this group, and the group itself is a marketplace, which is typically high-noise. Given the user's history of dismissing these specific types of messages, 'digest' is the appropriate recommendation.",0.86,message_0115;message_0232;message_0050;message_0383;message_0224;message_0335;message_0116
sample_msg_046,notify,event,"Agent reasoning: The message is from a known sender (u_045) who frequently posts school-related updates in the 'International School Parents Group'. The user is an admin in this group and has a consistent history of sharing school circulars and field trip forms, which the recipient reliably opens and engages with. The content is a standard school field trip consent form. While it requires action (reviewing/signing), it is categorized as an 'event' per the instructions. Given the user's high engagement with this sender and the group's nature, 'notify' is appropriate.",0.9,message_0255;message_0037;message_0134;message_0133;message_0051;message_0210;message_0209;message_0403
sample_msg_047,mute,promotion,"Override: repetition_prior=2.00 (>0.5) shows a consistent pattern of the user dismissing/muting/reporting this sender -- escalated digest to mute. Note: no user_business_history relationship on file for this business. Agent reasoning: The message is a promotional offer from a verified business (Myntra). The user has no prior relationship with this business and previously dismissed/muted a similar message from them. The image content (Amazon Prime Day) is inconsistent with the sender (Myntra), which is a common pattern in promotional spam or misaligned marketing. Given the lack of relationship and previous negative engagement, 'digest' is the appropriate recommendation.",0.86,message_0402
sample_msg_048,digest,business_update,"Note: no user_business_history relationship on file for this business. Agent reasoning: The message is a security advisory from a verified business (Hoop) regarding scam prevention. The content matches a previous message (message_0412) that the user opened. Although the user has no direct relationship with this business, the content is informational and non-intrusive. The media content is a standard bank security awareness campaign.",0.9,message_0412
sample_msg_049,notify,personal,"Agent reasoning: The message is a direct, context-specific inquiry from an individual who claims to have found the user's number on a volunteer sheet. It is a personal, non-automated message regarding a specific event (Saturday registration). The user has a moderate level of engagement with messages and this does not appear to be spam or a scam.",0.86,none
sample_msg_050,digest,personal,"Override: agent recommended notify but its own reasoning/summary contains low-urgency language -- downgraded to digest. Agent reasoning: The message is a routine personal update from a frequent contact (u_041) with whom the user has a history of similar conversational exchanges. The sender explicitly states there is no urgency and requests to talk later, which aligns with the user's history of engaging with this sender. No risk factors are present.",0.83,message_0054;message_0226;message_0168;message_0225;message_0167;message_0359
sample_msg_051,notify,urgent,"Agent reasoning: The sender (u_046) has a consistent history of sending similar work-related urgent requests to the user, which the user has historically opened and replied to. The message content matches previous patterns of technical escalation alerts (retry thresholds, 20-minute windows). The user is currently active and not in a DND window.",0.9,message_0055;message_0249;message_0228;message_0362;message_0118;message_0117
sample_msg_052,mute,scam,Agent reasoning: The message is a classic phishing attempt asking for a login code. The sender (u_049) has a history of sending similar malicious messages that the user has previously reported and dismissed. The content is identical to a previous scam message (message_0238).,0.93,message_0381;message_0238
sample_msg_053,mute,scam,Pre-gate: injection pattern detected ('ignore (all |)previous') combined with an OTP/payment/verification/link-click request -- treated as a scam attempt before the agent was invoked.,0.87,none
